ASK; TestQuery, FRAME, Now];ALL;0.000000;55
ASK; get_object[EmpDept/objname], FRAME, Now];ALL;0.000000;78
ASK; get_object[SV_EmpDept_dept/objname], FRAME, Now];ALL;0.000000;92
ASK; EmpDept, FRAME, Now];ALL;0.010000;104
ASK; get_object[E1/objname], FRAME, Now];ALL;0.000000;117
ASK; find_instances[AnswerFormat/class], LABEL, Now];ALL;0.000000;131
ASK; get_object[EmpDeptFormatWithExternalCall/objname], FRAME, Now];ALL;0.000000;137
ASK; EmpDept, FRAME, Now];ALL;0.000000;170
ASK; PersonWithParents3, FRAME, Now];ALL;0.010000;209
ASK; PersonWithParents, FRAME, Now];ALL;0.000000;230
ASK; PersonWithParents2, FRAME, Now];ALL;0.000000;260
ASK; PersonQ, FRAME, Now];ALL;0.020000;322
ASK; EmpDept, FRAME, Now];ALL;0.010000;409
ASK; DeadEndCity, FRAME, Now];ALL;0.010000;481
ASK; DeadStartCity, FRAME, Now];ALL;0.030000;502
ASK; KindaClique[antwerpen/startcity], FRAME, Now];ALL;0.460000;550
ASK; find_instances[ReachableFrom[atlanta/start]/class], LABEL, Now];ALL;1.530000;613
ASK; find_instances[UnReachableFrom[borkum/start]/class], LABEL, Now];ALL;0.900000;619
ASK; find_instances[UnReachableFrom[atlanta/start]/class], LABEL, Now];ALL;0.110000;625
ASK; DeadEndCity, FRAME, Now];ALL;0.030000;691
ASK; DeadStartCity, FRAME, Now];ALL;0.030000;712
ASK; KindaClique[antwerpen/startcity], FRAME, Now];ALL;0.520000;760
ASK; find_instances[ReachableFrom[atlanta/start]/class], LABEL, Now];ALL;2.040000;823
ASK; find_instances[UnReachableFrom[borkum/start]/class], LABEL, Now];ALL;0.990000;829
ASK; find_instances[UnReachableFrom[atlanta/start]/class], LABEL, Now];ALL;0.090000;835
ASK; has_attribute[Integer/attrtype,salary/attrname,Manager/objname], FRAME, Now];ALL;0.000000;921
ASK; has_attribute[Real/attrtype,salary/attrname,Manager/objname], FRAME, Now];ALL;0.000000;927
ASK; has_attribute[salary/attrname,Manager/objname], FRAME, Now];ALL;0.000000;933
ASK; get_object[John/objname], FRAME, Now];ALL;0.000000;948
ASK; changeAttributeValue[John!js/attribute,23456/newvalue], FRAME, Now];ALL;0.000000;965
ASK; get_object[John/objname], FRAME, Now];ALL;0.000000;971
ASK; rename[Johnny/newname,John/oldname], FRAME, Now];ALL;0.000000;981
ASK; get_object[Johnny/objname], FRAME, Now];ALL;0.000000;987
ASK; rename[12345/newname,23456/oldname], FRAME, Now];ALL;0.000000;997
ASK; get_object_star[D*/objname], LABEL, Now];ALL;0.020000;1003
ASK; COUNT[Class/class], FRAME, Now];ALL;0.000000;1009
ASK; AVG[Integer/class], FRAME, Now];ALL;0.000000;1018
ASK; AVG_Attribute[Johnny/objname,Employee!salary/attrcat], FRAME, Now];ALL;0.000000;1027
ASK; MAX[Integer/class], FRAME, Now];ALL;0.000000;1036
ASK; MIN[Integer], FRAME, Now];ALL;0.000000;1045
ASK; 345*456, default, Now];ALL;0.000000;1054
ASK; SUM[Integer/class], FRAME, Now];ALL;0.000000;1060
ASK; get_object[BadVolatilityOfDataStores/objname], FRAME, Now];ALL;0.000000;1283
ASK; BadVolatilityOfDataStores, FRAME, Now];ALL;0.010000;1294
ASK; find_instances[JavaGraphicalPalette/class], LABEL, Now];ALL;0.000000;1302
ASK; GetJavaGraphicalPalette[DWQ_Palette/pal], FRAME, Now];ALL;1.170000;1362
ASK; "[90:100]", FRAME, Now];ALL;0.000000;1416
ASK; get_object[DatalogQueryClass/objname], FRAME, Now];ALL;0.000000;1501
ASK; get_object[DatalogRule/objname], FRAME, Now];ALL;0.000000;1511
ASK; find_instances[MetabossDatalogQuery/class], LABEL, Now];ALL;0.010000;1538
ASK; MetabossDatalogQuery[Angus/e], FRAME, Now];ALL;0.000000;1544
ASK; MetabossDatalogQuery[Edward/e], FRAME, Now];ALL;0.000000;1559
ASK; find_instances[HighSalary2/class], LABEL, Now];ALL;0.010000;1590
ASK; get_object[Edward/objname,TRUE/dedIn,TRUE/dedIsa,TRUE/dedWith], FRAME, Now];ALL;0.000000;1596
ASK; get_object[Edward/objname,TRUE/dedIn,TRUE/dedIsa,TRUE/dedWith], FRAME, Now];ALL;0.010000;1629
ASK; TestStringLike, FRAME, Now];ALL;0.000000;1676
ASK; find_instances[EmployeeCounter / class], LABEL, Now];ALL;0.000000;1789
ASK; find_instances[EmployeeCounter / class], LABEL, Now];ALL;0.000000;1805
ASK; get_object[John2/objname], FRAME, Now];ALL;0.000000;1811
ASK; find_instances[EmployeeCounter / class], LABEL, Now];ALL;0.000000;1830
ASK; find_instances[QueryClass / class], LABEL, Now];ALL;0.010000;1846
ASK; get_object[EmployeeWithHighSalary/objname], FRAME, Now];ALL;0.000000;1852
ASK; EmployeeWithHighSalary, FRAME, Now];ALL;0.000000;1863
ASK; find_instances[EmployeeWithHighSalary / class], LABEL, Now];ALL;0.000000;1871
ASK; find_instances[EmployeeWithHighSalary_Materialized / class], LABEL, Now];ALL;0.000000;1877
ASK; find_instances[EmployeeWithHighSalary / class], LABEL, Now];ALL;0.000000;1892
ASK; find_instances[EmployeeWithHighSalary_Materialized / class], LABEL, Now];ALL;0.000000;1898
ASK; get_object[John/objname], FRAME, Now];ALL;0.000000;1904
ASK; find_instances[EmployeeWithHighSalary / class], LABEL, Now];ALL;0.000000;1926
ASK; find_instances[EmployeeWithHighSalary_Materialized / class], LABEL, Now];ALL;0.000000;1932
ASK; get_object[John/objname], FRAME, Now];ALL;0.000000;1938
ASK; get_object[Max/objname], FRAME, Now];ALL;0.000000;1951
ASK; find_instances[ECArule / class], LABEL, Now];ALL;0.000000;2010
ASK; get_object[NoInstanceRule/objname], FRAME, Now];ALL;0.000000;2016
ASK; get_object[bla/objname], FRAME, Now];ALL;0.000000;2053
ASK; ReportState, FRAME, Now];ALL;0.000000;2331
ASK; AskToFireTransition[gy1/transition], FRAME, Now];ALL;0.000000;2422
ASK; AskToFireTransition[gy2/transition], FRAME, Now];ALL;0.000000;2428
ASK; find_instances[Function/class], LABEL, Now];ALL;0.000000;2598
ASK; get_object[rename/objname], FRAME, Now];ALL;0.000000;2604
ASK; find_instances[JavaGraphicalPalette/class], LABEL, Now];ALL;0.000000;2615
ASK; GetJavaGraphicalPalette[ER_GraphBrowserPalette/pal], XML_JavaGraphicalPalette, Now];ALL;0.050000;2633
ASK; find_instances[Module/class], LABEL, Now];ALL;0.000000;2689
ASK; find_object[Class/objname], CBGraphEditorResultWithoutEdges[ER_GraphBrowserPalette/pal], Now];ALL;0.010000;2695
ASK; exists[Source/objname], FRAME, Now];ALL;0.000000;2708
ASK; exists[Class/objname], FRAME, Now];ALL;0.000000;2714
ASK; find_object[EntityType/objname], CBGraphEditorResultWithoutEdges[ER_GraphBrowserPalette/pal], Now];ALL;0.000000;2720
ASK; find_object[RelationshipType/objname], CBGraphEditorResultWithoutEdges[ER_GraphBrowserPalette/pal], Now];ALL;0.010000;2733
ASK; get_links2[RelationshipType/src,RelationshipType/dst], CBGraphEditorResultWithoutEdges[ER_GraphBrowserPalette/pal], Now];ALL;0.000000;2746
ASK; get_links2[RelationshipType/src,EntityType/dst], CBGraphEditorResultWithoutEdges[ER_GraphBrowserPalette/pal], Now];ALL;0.010000;2759
ASK; get_object[RelationshipType/objname,FALSE/dedIn,FALSE/dedIsa,TRUE/dedWith], FRAME, Now];ALL;0.000000;2772
ASK; get_links2[EntityType/src,RelationshipType/dst], CBGraphEditorResultWithoutEdges[ER_GraphBrowserPalette/pal], Now];ALL;0.000000;2793
ASK; get_links2[EntityType/src,EntityType/dst], CBGraphEditorResultWithoutEdges[ER_GraphBrowserPalette/pal], Now];ALL;0.010000;2799
ASK; find_explicit_instances[RelationshipType/class], CBGraphEditorResult[ER_GraphBrowserPalette/pal,RelationshipType/obj,InstanceOf/cat,dst/objtype], Now];ALL;0.000000;2812
ASK; find_explicit_instances[EntityType/class], CBGraphEditorResult[ER_GraphBrowserPalette/pal,EntityType/obj,InstanceOf/cat,dst/objtype], Now];ALL;0.000000;2831
ASK; get_links2[Employee/src,Employee/dst], CBGraphEditorResultWithoutEdges[ER_GraphBrowserPalette/pal], Now];ALL;0.000000;2862
ASK; get_links2[Employee/src,WorksIn/dst], CBGraphEditorResultWithoutEdges[ER_GraphBrowserPalette/pal], Now];ALL;0.010000;2875
ASK; get_links2[Employee/src,Project/dst], CBGraphEditorResultWithoutEdges[ER_GraphBrowserPalette/pal], Now];ALL;0.000000;2881
ASK; get_links2[WorksIn/src,Employee/dst], CBGraphEditorResultWithoutEdges[ER_GraphBrowserPalette/pal], Now];ALL;0.000000;2887
ASK; get_links2[WorksIn/src,WorksIn/dst], CBGraphEditorResultWithoutEdges[ER_GraphBrowserPalette/pal], Now];ALL;0.000000;2900
ASK; get_links2[WorksIn/src,Project/dst], CBGraphEditorResultWithoutEdges[ER_GraphBrowserPalette/pal], Now];ALL;0.010000;2913
ASK; get_links2[Project/src,Employee/dst], CBGraphEditorResultWithoutEdges[ER_GraphBrowserPalette/pal], Now];ALL;0.000000;2926
ASK; get_links2[Project/src,WorksIn/dst], CBGraphEditorResultWithoutEdges[ER_GraphBrowserPalette/pal], Now];ALL;0.000000;2932
ASK; get_links2[Project/src,Project/dst], CBGraphEditorResultWithoutEdges[ER_GraphBrowserPalette/pal], Now];ALL;0.000000;2938
ASK; find_explicit_instances[Employee/class], CBGraphEditorResult[ER_GraphBrowserPalette/pal,Employee/obj,InstanceOf/cat,dst/objtype], Now];ALL;0.010000;2951
ASK; find_explicit_instances[Project/class], CBGraphEditorResult[ER_GraphBrowserPalette/pal,Project/obj,InstanceOf/cat,dst/objtype], Now];ALL;0.010000;2982
ASK; get_links2[ConceptBase/src,ConceptBase/dst], CBGraphEditorResultWithoutEdges[ER_GraphBrowserPalette/pal], Now];ALL;0.000000;3001
ASK; get_links2[ConceptBase/src,Martin/dst], CBGraphEditorResultWithoutEdges[ER_GraphBrowserPalette/pal], Now];ALL;0.000000;3014
ASK; get_links2[ConceptBase/src,Hans/dst], CBGraphEditorResultWithoutEdges[ER_GraphBrowserPalette/pal], Now];ALL;0.000000;3020
ASK; get_links2[ConceptBase/src,WorksIn/dst], CBGraphEditorResultWithoutEdges[ER_GraphBrowserPalette/pal], Now];ALL;0.000000;3026
ASK; get_links2[ConceptBase/src,WorksIn/dst], CBGraphEditorResultWithoutEdges[ER_GraphBrowserPalette/pal], Now];ALL;0.000000;3032
ASK; get_links2[Martin/src,ConceptBase/dst], CBGraphEditorResultWithoutEdges[ER_GraphBrowserPalette/pal], Now];ALL;0.000000;3038
ASK; get_links2[Martin/src,Martin/dst], CBGraphEditorResultWithoutEdges[ER_GraphBrowserPalette/pal], Now];ALL;0.000000;3044
ASK; get_links2[Martin/src,Hans/dst], CBGraphEditorResultWithoutEdges[ER_GraphBrowserPalette/pal], Now];ALL;0.000000;3057
ASK; get_links2[Martin/src,WorksIn/dst], CBGraphEditorResultWithoutEdges[ER_GraphBrowserPalette/pal], Now];ALL;0.000000;3063
ASK; get_links2[Martin/src,WorksIn/dst], CBGraphEditorResultWithoutEdges[ER_GraphBrowserPalette/pal], Now];ALL;0.000000;3069
ASK; get_links2[Hans/src,ConceptBase/dst], CBGraphEditorResultWithoutEdges[ER_GraphBrowserPalette/pal], Now];ALL;0.000000;3075
ASK; get_links2[Hans/src,Martin/dst], CBGraphEditorResultWithoutEdges[ER_GraphBrowserPalette/pal], Now];ALL;0.000000;3081
ASK; get_links2[Hans/src,Hans/dst], CBGraphEditorResultWithoutEdges[ER_GraphBrowserPalette/pal], Now];ALL;0.000000;3087
ASK; get_links2[Hans/src,WorksIn/dst], CBGraphEditorResultWithoutEdges[ER_GraphBrowserPalette/pal], Now];ALL;0.000000;3100
ASK; get_links2[Hans/src,WorksIn/dst], CBGraphEditorResultWithoutEdges[ER_GraphBrowserPalette/pal], Now];ALL;0.000000;3106
ASK; get_links2[WorksIn/src,ConceptBase/dst], CBGraphEditorResultWithoutEdges[ER_GraphBrowserPalette/pal], Now];ALL;0.000000;3112
ASK; get_links2[WorksIn/src,Martin/dst], CBGraphEditorResultWithoutEdges[ER_GraphBrowserPalette/pal], Now];ALL;0.000000;3118
ASK; get_links2[WorksIn/src,Hans/dst], CBGraphEditorResultWithoutEdges[ER_GraphBrowserPalette/pal], Now];ALL;0.000000;3124
ASK; get_links2[WorksIn/src,WorksIn/dst], CBGraphEditorResultWithoutEdges[ER_GraphBrowserPalette/pal], Now];ALL;0.000000;3130
ASK; get_links2[WorksIn/src,WorksIn/dst], CBGraphEditorResultWithoutEdges[ER_GraphBrowserPalette/pal], Now];ALL;0.000000;3143
ASK; get_links2[WorksIn/src,ConceptBase/dst], CBGraphEditorResultWithoutEdges[ER_GraphBrowserPalette/pal], Now];ALL;0.000000;3156
ASK; get_links2[WorksIn/src,Martin/dst], CBGraphEditorResultWithoutEdges[ER_GraphBrowserPalette/pal], Now];ALL;0.000000;3162
ASK; get_links2[WorksIn/src,Hans/dst], CBGraphEditorResultWithoutEdges[ER_GraphBrowserPalette/pal], Now];ALL;0.000000;3168
ASK; get_links2[WorksIn/src,WorksIn/dst], CBGraphEditorResultWithoutEdges[ER_GraphBrowserPalette/pal], Now];ALL;0.000000;3174
ASK; get_links2[WorksIn/src,WorksIn/dst], CBGraphEditorResultWithoutEdges[ER_GraphBrowserPalette/pal], Now];ALL;0.000000;3187
ASK; find_explicit_instances[WorksIn/class], CBGraphEditorResult[ER_GraphBrowserPalette/pal,WorksIn/obj,InstanceOf/cat,dst/objtype], Now];ALL;0.010000;3200
ASK; get_links2[M_CB/src,M_CB/dst], CBGraphEditorResultWithoutEdges[ER_GraphBrowserPalette/pal], Now];ALL;0.000000;3219
ASK; get_links2[M_CB/src,Martin/dst], CBGraphEditorResultWithoutEdges[ER_GraphBrowserPalette/pal], Now];ALL;0.010000;3232
ASK; get_object[M_CB/objname,FALSE/dedIn,FALSE/dedIsa,TRUE/dedWith], FRAME, Now];ALL;0.000000;3245
ASK; get_links2[M_CB/src,ConceptBase/dst], CBGraphEditorResultWithoutEdges[ER_GraphBrowserPalette/pal], Now];ALL;0.000000;3261
ASK; get_links2[Martin/src,M_CB/dst], CBGraphEditorResultWithoutEdges[ER_GraphBrowserPalette/pal], Now];ALL;0.000000;3274
ASK; get_links2[Martin/src,Martin/dst], CBGraphEditorResultWithoutEdges[ER_GraphBrowserPalette/pal], Now];ALL;0.000000;3280
ASK; get_links2[Martin/src,ConceptBase/dst], CBGraphEditorResultWithoutEdges[ER_GraphBrowserPalette/pal], Now];ALL;0.000000;3293
ASK; get_links2[ConceptBase/src,M_CB/dst], CBGraphEditorResultWithoutEdges[ER_GraphBrowserPalette/pal], Now];ALL;0.000000;3299
ASK; get_links2[ConceptBase/src,Martin/dst], CBGraphEditorResultWithoutEdges[ER_GraphBrowserPalette/pal], Now];ALL;0.000000;3305
ASK; get_links2[ConceptBase/src,ConceptBase/dst], CBGraphEditorResultWithoutEdges[ER_GraphBrowserPalette/pal], Now];ALL;0.010000;3311
ASK; find_instances[Inconsistent/class], CBGraphEditorResultWithoutEdges[ER_GraphBrowserPalette/pal], Now];ALL;0.000000;3324
ASK; find_instances[Inconsistent/class], CBGraphEditorResultWithoutEdges[ER_GraphBrowserPalette/pal], Now];ALL;0.000000;3337
ASK; find_instances[Inconsistent/class], CBGraphEditorResultWithoutEdges[ER_GraphBrowserPalette/pal], Now];ALL;0.000000;3350
ASK; find_instances[Inconsistent/class], CBGraphEditorResultWithoutEdges[ER_GraphBrowserPalette/pal], Now];ALL;0.000000;3363
ASK; get_links2[M_CB!mIsEmp/src,M_CB!mIsEmp/dst], CBGraphEditorResultWithoutEdges[ER_GraphBrowserPalette/pal], Now];ALL;0.000000;3376
ASK; get_links2[M_CB!mIsEmp/src,WorksIn!emp/dst], CBGraphEditorResultWithoutEdges[ER_GraphBrowserPalette/pal], Now];ALL;0.010000;3382
ASK; get_links2[WorksIn!emp/src,M_CB!mIsEmp/dst], CBGraphEditorResultWithoutEdges[ER_GraphBrowserPalette/pal], Now];ALL;0.000000;3395
ASK; get_links2[WorksIn!emp/src,WorksIn!emp/dst], CBGraphEditorResultWithoutEdges[ER_GraphBrowserPalette/pal], Now];ALL;0.000000;3401
ASK; find_attribute_categories[WorksIn!emp/objname], LABEL, Now];ALL;0.020000;3407
ASK; get_object[RelationshipType!role/objname,FALSE/dedIn,FALSE/dedIsa,TRUE/dedWith], FRAME, Now];ALL;0.000000;3413
ASK; find_explicit_attribute_values[WorksIn!emp/objname,Attribute/cat], CBGraphEditorResult[ER_GraphBrowserPalette/pal,WorksIn!emp/obj,Attribute/cat,src/objtype], Now];ALL;0.000000;3425
ASK; get_object[WorksIn!emp/objname,FALSE/dedIn,FALSE/dedIsa,TRUE/dedWith], FRAME, Now];ALL;0.000000;3444
ASK; find_attribute_categories[RelationshipType!role/objname], LABEL, Now];ALL;0.000000;3457
ASK; find_explicit_attribute_values[RelationshipType!role/objname,Attribute/cat], CBGraphEditorResult[ER_GraphBrowserPalette/pal,RelationshipType!role/obj,Attribute/cat,src/objtype], Now];ALL;0.000000;3463
ASK; get_links2[MinMax/src,MinMax/dst], CBGraphEditorResultWithoutEdges[ER_GraphBrowserPalette/pal], Now];ALL;0.000000;3482
ASK; get_links2[MinMax/src,"(1,*)"/dst], CBGraphEditorResultWithoutEdges[ER_GraphBrowserPalette/pal], Now];ALL;0.000000;3495
ASK; get_links2["(1,*)"/src,MinMax/dst], CBGraphEditorResultWithoutEdges[ER_GraphBrowserPalette/pal], Now];ALL;0.010000;3501
ASK; get_links2["(1,*)"/src,"(1,*)"/dst], CBGraphEditorResultWithoutEdges[ER_GraphBrowserPalette/pal], Now];ALL;0.000000;3514
ASK; connected2;ALL;0.010000;3633
ASK; get_object[Proposition/objname], FRAME, Now];ALL;0.010000;3966
ASK; get_object[Proposition!cardinality/objname], FRAME, Now];ALL;0.000000;3987
ASK; find_instances[E1/class], LABEL, Now];ALL;0.000000;4189
ASK; find_instances[E2/class], LABEL, Now];ALL;0.000000;4195
ASK; find_instances[E1/class], LABEL, Now];ALL;0.000000;4212
ASK; find_instances[E2/class], LABEL, Now];ALL;0.000000;4218
ASK; find_instances[E3/class], LABEL, Now];ALL;0.000000;4224
ASK; ShowMetaClasses[10000/obj], LABEL, Now];ALL;0.000000;4306
ASK; ShowMetaClasses[20000/obj], LABEL, Now];ALL;0.010000;4312
ASK; ShowMetaClasses[bill/obj], LABEL, Now];ALL;0.000000;4318
ASK; MeetingWithParticipants, FRAME, Now];ALL;0.000000;4333
ASK; AncestorOf, FRAME, Now];ALL;0.000000;4360
ASK; KnownPersonFor, FRAME, Now];ALL;0.100000;4382
ASK; find_instances[Employee/class], LABEL, Now];ALL;0.000000;4598
ASK; find_instances[Employee/class], LABEL, Now];ALL;0.000000;4608
ASK; BillsMetaBoss;ALL;0.010000;4741
ASK; DerivedFromMetabossQuery1;ALL;0.010000;4757
ASK; DerivedFromMetabossQuery2;ALL;0.010000;4773
ASK; Derived_1_FromWell_off_SI_Manager5;ALL;0.000000;4783
ASK; Derived_2_FromWell_off_SI_Manager5;ALL;0.000000;4796
ASK; Derived_3_FromWell_off_SI_Manager5;ALL;0.000000;4806
ASK; Derived_4_FromWell_off_SI_Manager5;ALL;0.010000;4816
ASK; Emp_and_Dep;ALL;0.000000;4826
ASK; EmployeeSalaries;ALL;0.000000;4891
ASK; MetabossQuery;ALL;0.130000;4952
ASK; SI_Manager;ALL;0.000000;4977
ASK; SI_led_Department2;ALL;0.010000;5005
ASK; SI_led_Department;ALL;0.000000;5021
ASK; Used_SimpleClass;ALL;0.000000;5043
ASK; Well_off_Manager;ALL;0.000000;5056
ASK; Well_off_SI_Manager;ALL;0.020000;5072
ASK; Well_off_SI_Manager2;ALL;0.010000;5093
ASK; Well_off_SI_Manager3;ALL;0.000000;5110
ASK; Well_off_SI_Manager4;ALL;0.000000;5131
ASK; Well_off_SI_Manager5;ALL;0.010000;5148
ASK; Well_off_SI_led_Department;ALL;0.010000;5169
ASK; BillsMetaBoss;ALL;0.020000;5259
ASK; DerivedFromMetabossQuery1;ALL;0.020000;5266
ASK; DerivedFromMetabossQuery2;ALL;0.020000;5273
ASK; Derived_1_FromWell_off_SI_Manager5;ALL;0.000000;5280
ASK; Derived_2_FromWell_off_SI_Manager5;ALL;0.000000;5287
ASK; Derived_3_FromWell_off_SI_Manager5;ALL;0.010000;5294
ASK; Derived_4_FromWell_off_SI_Manager5;ALL;0.000000;5301
ASK; Emp_and_Dep;ALL;0.010000;5308
ASK; EmployeeSalaries;ALL;0.000000;5315
ASK; MetabossQuery;ALL;0.130000;5322
ASK; SI_Manager;ALL;0.000000;5329
ASK; SI_led_Department2;ALL;0.010000;5336
ASK; SI_led_Department;ALL;0.000000;5343
ASK; Used_SimpleClass;ALL;0.000000;5350
ASK; Well_off_Manager;ALL;0.000000;5357
ASK; Well_off_SI_Manager;ALL;0.010000;5364
ASK; Well_off_SI_Manager2;ALL;0.010000;5371
ASK; Well_off_SI_Manager3;ALL;0.010000;5378
ASK; Well_off_SI_Manager4;ALL;0.010000;5385
ASK; Well_off_SI_Manager5;ALL;0.000000;5392
ASK; Well_off_SI_led_Department;ALL;0.010000;5399
ASK; ShavedByBarber;ALL;0.000000;5522
ASK; SameGen[Lot/sgperson];ALL;0.040000;5626
ASK; SameGenProper[Kain/sgperson];ALL;0.010000;5640
ASK;FRAMES, ;ALL;0.010000;5715
ASK; Win;ALL;0.010000;5852
ASK; Loose;ALL;0.000000;5889
ASK; get_object[Man/objname], FRAME, Now];ALL;0.000000;5907
ASK;FRAMES, ;ALL;0.040000;6040
ASK; Test1;ALL;0.000000;6108
ASK; ObjectsWithTransDep;ALL;0.000000;6142
ASK; Test1;ALL;0.010000;6173
ASK; ObjectsWithTransDep;ALL;0.000000;6207
ASK; get_object[AAReachableN2/objname], FRAME, Now];ALL;0.000000;6280
ASK;FRAMES, Individual AAReachableN2 in QueryClass isA AANode with;ALL;0.000000;6304
ASK; AAReachable[n2/start];ALL;0.000000;6325
ASK; AAReachable[AAn2/start];ALL;0.010000;6332
ASK; isEven[4/x], LABEL, Now];ALL;0.010000;6384
ASK; isEven[3/x], LABEL, Now];ALL;0.000000;6390
ASK; get_object[Employee/objname], FRAME, Now];ALL;0.000000;6491
ASK;Test;ALL;0.000000;6571
ASK; Test17;ALL;0.000000;6606
ASK; get_object[Heribert/objname], FRAME, Now];ALL;0.000000;6764
ASK; get_object[Heribert/objname], FRAME, Now];ALL;0.000000;6894
ASK; get_object[Heribert/objname], FRAME, Now];ALL;0.000000;7001
ASK;Test;ALL;0.010000;7093
ASK; get_object[Verwaltung/objname], FRAME, Now];ALL;0.000000;7159
ASK; Test27;ALL;0.000000;7197
ASK; get_object[Verwaltung/objname], FRAME, Now];ALL;0.000000;7287
ASK; get_object[Verwaltung/objname], FRAME, Now];ALL;0.000000;7383
ASK;Test;ALL;0.010000;7411
ASK;TmpAsk_Test;ALL;0.010000;7587
ASK;TmpAsk_Test;ALL;0.010000;7611
ASK;MruleTest;ALL;0.020000;7672
ASK; MruleTest;ALL;0.030000;7761
ASK; NieBeliefert, LABEL, Now];ALL;0.000000;8335
ASK; BeliefertKeinen, LABEL, Now];ALL;0.010000;8341
ASK; BeliefertSich, LABEL, Now];ALL;0.000000;8347
ASK; BeliefernEinander, LABEL, Now];ALL;0.010000;8353
ASK; BeliefertOneWay, LABEL, Now];ALL;0.010000;8359
ASK; WirdMehrfachBeliefert, LABEL, Now];ALL;0.000000;8365
ASK; AkteurBelieferung, LABEL, Now];ALL;0.010000;8371
ASK; BeliefernEinanderMit, LABEL, Now];ALL;0.020000;8377
ASK; BeliefertMitNichts, LABEL, Now];ALL;0.000000;8383
ASK; UngelieferteTraeger, LABEL, Now];ALL;0.000000;8389
ASK; P_EinAkteurWirdBeliefert, LABEL, Now];ALL;0.010000;8395
ASK; P_EinAkteurWirdBeliefert2, LABEL, Now];ALL;0.010000;8401
ASK; AkteurNichtsBraucht, LABEL, Now];ALL;0.000000;8407
ASK; AkteurNichtsErzeugt, LABEL, Now];ALL;0.000000;8413
ASK; AkteurErzeugtUndBraucht, LABEL, Now];ALL;0.000000;8419
ASK; AkteurErzeugtOhneBraucht, LABEL, Now];ALL;0.000000;8425
ASK; AkteurBrauchtOhneErzeugt, LABEL, Now];ALL;0.000000;8431
ASK; TraegerErzeugtOhneBraucht, LABEL, Now];ALL;0.000000;8437
ASK; TraegerBrauchtOhneErzeugt, LABEL, Now];ALL;0.010000;8443
ASK; TraegerNieErzeugt, LABEL, Now];ALL;0.000000;8449
ASK; TraegerNieGebraucht, LABEL, Now];ALL;0.010000;8455
ASK; LiefernOhneErzeugen, LABEL, Now];ALL;0.010000;8461
ASK; ErzeugenOhneLiefern, LABEL, Now];ALL;0.040000;8467
ASK; ErhaltenOhneBrauchen, LABEL, Now];ALL;0.000000;8473
ASK; BrauchenOhneErhalten, LABEL, Now];ALL;0.020000;8479
ASK; AktionenQuellen, LABEL, Now];ALL;0.010000;8485
ASK; AktionenSenken, LABEL, Now];ALL;0.000000;8491
ASK; P_VorgaengerVon[P_1010/a1], LABEL, Now];ALL;0.000000;8497
ASK; P_NichtVorgaengerVon[P_2020/a1], LABEL, Now];ALL;0.080000;8503
ASK; P_NachfolgerVon[P_3030/a1], LABEL, Now];ALL;0.020000;8509
ASK; P_NichtNachfolgerVon[P_4040/a1], LABEL, Now];ALL;0.040000;8515
ASK; BeliefertOhneFolgtAuf, LABEL, Now];ALL;0.060000;8521
ASK; FolgtAufOhneBeliefert, LABEL, Now];ALL;0.010000;8527
ASK; DatenOhneTraeger, LABEL, Now];ALL;0.010000;8533
ASK; TraegerOhneDaten, LABEL, Now];ALL;0.010000;8539
ASK; DatenNichtInput, LABEL, Now];ALL;0.010000;8545
ASK; DatenNichtOutput, LABEL, Now];ALL;0.000000;8551
ASK; DatenInputOhneOutput, LABEL, Now];ALL;0.010000;8557
ASK; DatenInputNiemalsOutput, LABEL, Now];ALL;0.020000;8563
ASK; DatenVieleOutputs, LABEL, Now];ALL;0.000000;8569
ASK; AktionenOhneInput, LABEL, Now];ALL;0.010000;8575
ASK; AktionenOhneOutput, LABEL, Now];ALL;0.000000;8581
ASK; P_DatenOutputter, LABEL, Now];ALL;0.000000;8587
ASK; P_DatenInputter, LABEL, Now];ALL;0.000000;8593
ASK; P_DatenNutzer[D_AuftragUnt/dx], LABEL, Now];ALL;0.020000;8599
ASK; P_DatenInputNutzer[D_KalkStunden/d1], LABEL, Now];ALL;0.020000;8605
ASK; P_DatenFalschNutzer[D_ProjAbrSpesen/d1], LABEL, Now];ALL;0.000000;8611
ASK; AktionenOhneEingabe, LABEL, Now];ALL;0.000000;8617
ASK; AktionenOhneAusgabe, LABEL, Now];ALL;0.000000;8623
ASK; InputOhneEingabe, LABEL, Now];ALL;0.020000;8629
ASK; EingabeOhneInput, LABEL, Now];ALL;0.000000;8635
ASK; OutputOhneAusgabe, LABEL, Now];ALL;0.010000;8641
ASK; AusgabeOhneOutput, LABEL, Now];ALL;0.010000;8647
ASK; AusgabeOhneEingabe, LABEL, Now];ALL;0.060000;8653
ASK; TraegerZuviel, LABEL, Now];ALL;0.070000;8659
ASK; P_TraegerAusgabe, LABEL, Now];ALL;0.010000;8665
ASK; P_TraegerEingabe, LABEL, Now];ALL;0.040000;8671
ASK; P_TraegerGefuelltIn[TF_MonatsBericht/t1,P_2030/a1], LABEL, Now];ALL;0.010000;8677
ASK; P_TraegerNichtGefuelltIn[P_3450/a1,TF_ProjektAuftrag/t1], LABEL, Now];ALL;0.000000;8683
ASK; P_AlleTraegerGefuelltIn[P_2060/a1], LABEL, Now];ALL;0.110000;8689
ASK; P_AlleTraegerNichtGefuelltIn[P_4130/a1], LABEL, Now];ALL;0.020000;8695
ASK; GibtNichts, LABEL, Now];ALL;0.010000;8701
ASK; NimmtNichts, LABEL, Now];ALL;0.000000;8707
ASK; TraegerGenommenListe, LABEL, Now];ALL;0.010000;8713
ASK; TraegerGegebenListe, LABEL, Now];ALL;0.000000;8719
ASK; InputOhneNehmen, LABEL, Now];ALL;0.010000;8725
ASK; OutputOhneGeben, LABEL, Now];ALL;0.000000;8731
ASK; ErzeugtOhneGibt, LABEL, Now];ALL;0.010000;8737
ASK; BrauchtOhneNimmt, LABEL, Now];ALL;0.010000;8743
ASK; GibtOhneErzeugt, LABEL, Now];ALL;0.010000;8749
ASK; NimmtOhneBraucht, LABEL, Now];ALL;0.010000;8755
ASK; QuerZugegriffen, LABEL, Now];ALL;0.000000;8761
ASK; get_object[View/objname], FRAME, Now];ALL;0.000000;8837
ASK; get_object[EmpDept/objname], FRAME, Now];ALL;0.000000;8861
ASK; get_object[SV_EmpDept_dept/objname], FRAME, Now];ALL;0.000000;8871
ASK; EmpDept, FRAME, Now];ALL;0.020000;8882
ASK; EmpOptionalSalary, FRAME, Now];ALL;0.000000;8957
ASK; EmpDept2, FRAME, Now];ALL;0.010000;9042
ASK; EmpDept_likes_head, FRAME, Now];ALL;0.020000;9092
ASK; EmpDept3, FRAME, Now];ALL;0.030000;9118
ASK; ReportState, FRAME, Now];ALL;0.000000;9482
ASK; find_attribute_values[bill/objname,Person!knows/cat], CBGraphEditorResult[DefaultJavaPalette/pal,bill/obj,Attribute/cat,src/objtype], Now];ALL;0.020000;9652
ASK; find_attribute_values[bill/objname,Person!knows/cat], CBGraphEditorResult[DefaultJavaPalette/pal,bill/obj,Person!knows/cat,src/objtype], Now];ALL;0.000000;9679
ASK; find_attribute_values[john/objname,Person!knows/cat], CBGraphEditorResult[DefaultJavaPalette/pal,john/obj,Person!knows/cat,src/objtype], Now];ALL;0.010000;9702
